GPS Week,GPS TOW (s),Latitude (deg),Longitude (deg),ECEF X (m),ECEF Y (m),ECEF Z (m),Roll (deg),Pitch (deg),Heading (deg),East Velocity (m/s),North Velocity (m/s),Up Velocity (m/s)
2200,1000,0,0,6378137,0,0,0,0,359,0,0,0
2200,1001,0,0,6378137,0,0,0,0,1,0,0,0
2200,1002,0,0,6378137,0,0,0,0,1,0,0,0
2200,1003,0,0,6378137,0,0,0,0,1,0,1,0
2200,1004,0,0,6378137,0,0,0,0,1,0,1,0
2200,1005,0,0,6378137,0,0,0,0,90,0,1,0
2200,1006,0,0,6378137,0,0,0,0,90,0,1,0
2200,1007,0,0,6378137,0,0,0,0,0,0,-1,0
2200,1008,0,0,6378137,0,0,0,0,0,0,1,0
2200,1009,0,0,6378137,0,0,0,0,0,0,1,0
2200,1010,0,0,6378137,0,0,0,0,0,0,1,0
2200,1011,0,0,6378137,0,0,0,0,0,0,1,0
