rover_week,rover_tow,attitude_week,attitude_tow,attitude_available,heading_aligned,heading_converged,fusion_initialized,gnss_position_updated,reset_generation,processing_ms,qw,qx,qy,qz,rtk_status,rtk_week,rtk_tow,rtk_x_m,rtk_y_m,rtk_z_m,rtk_has_velocity,rtk_vx_mps,rtk_vy_mps,rtk_vz_mps,fused_status,fused_week,fused_tow,fused_x_m,fused_y_m,fused_z_m,fused_has_velocity,fused_vx_mps,fused_vy_mps,fused_vz_mps,ecef_to_enu_00,ecef_to_enu_01,ecef_to_enu_02,ecef_to_enu_10,ecef_to_enu_11,ecef_to_enu_12,ecef_to_enu_20,ecef_to_enu_21,ecef_to_enu_22
2200,1000,2200,1000,0,0,0,0,0,0,0.5,nan,nan,nan,nan,1,2200,1000,6378137,0,0,1,0,0,0,0,2200,1000,6378137,0,0,0,0,0,0,0,1,0,0,0,1,1,0,0
2200,1001,2200,1001,1,0,0,1,1,0,0.5,0.7132504491541817,0,0,0.7009092642998509,1,2200,1001,6378137,0,0,1,0,0,0,1,2200,1001,6378137,0,0,1,0,0,0,0,1,0,0,0,1,1,0,0
2200,1002,2200,1002,1,1,1,1,1,0,0.5,0.7132504491541817,0,0,0.7009092642998509,1,2200,1002,6378137,0,0,1,0,0,0,1,2200,1002,6378137,0,0,1,0,0,0,0,1,0,0,0,1,1,0,0
2200,1003,2200,1003,1,1,1,1,1,0,0.5,0.7132504491541817,0,0,0.7009092642998509,1,2200,1003,6378137,0,0,1,0,0,1,1,2200,1003,6378137,0,0,1,0,0,1,0,1,0,0,0,1,1,0,0
2200,1004,2200,1004,1,1,1,1,1,0,0.5,0.7132504491541817,0,0,0.7009092642998509,1,2200,1004,6378137,0,0,1,0,0,1,1,2200,1004,6378137,0,0,1,0,0,1,0,1,0,0,0,1,1,0,0
2200,1005,2200,1005,1,1,1,1,1,0,0.5,1.0,0,0,0.0,1,2200,1005,6378137,0,0,1,0,0,1,1,2200,1005,6378137,0,0,1,0,0,1,0,1,0,0,0,1,1,0,0
2200,1006,2200,1006,1,1,1,1,1,0,0.5,1.0,0,0,0.0,1,2200,1006,6378137,0,0,1,0,0,1,1,2200,1006,6378137,0,0,1,0,0,1,0,1,0,0,0,1,1,0,0
2200,1007,2200,1007,1,1,1,1,1,0,0.5,0.7071067811865476,0,0,0.7071067811865476,1,2200,1007,6378137,0,0,1,0,0,-1,1,2200,1007,6378137,0,0,1,0,0,-1,0,1,0,0,0,1,1,0,0
2200,1008,2200,1008,1,1,1,1,1,0,0.5,0.7071067811865476,0,0,0.7071067811865476,1,2200,1008,6378137,0,0,1,0,0,1,1,2200,1008,6378137,0,0,1,0,0,1,0,1,0,0,0,1,1,0,0
2200,1009,2200,1009,1,1,1,1,1,0,0.5,0.7071067811865476,0,0,0.7071067811865476,1,2200,1009,6378137,0,0,1,0,0,1,1,2200,1009,6378137,0,0,1,0,0,1,0,1,0,0,0,1,1,0,0
2200,1010,2200,1010,1,1,1,1,1,0,0.5,0.7071067811865476,0,0,0.7071067811865476,1,2200,1010,6378137,0,0,1,0,0,1,1,2200,1010,6378137,0,0,1,0,0,1,0,1,0,0,0,1,1,0,0
2200,1011,2200,1011,1,1,0,1,1,0,0.5,0.7071067811865476,0,0,-0.7071067811865476,1,2200,1011,6378137,0,0,1,0,0,1,1,2200,1011,6378137,0,0,1,0,0,1,0,1,0,0,0,1,1,0,0
